City_ID,City,Lat,Lng,Max Temp,Humidity,Cloudiness,Wind Speed,Pressure,Country,Date
0,Haiku-Pauwela,20.9219,-156.3051,75.96,67,20,24.0,1016,US,1733001057
1,Hawaiian Paradise Park,19.5933,-154.9731,78.08,69,0,8.05,1016,US,1733001058
2,Adamstown,-25.066,-130.1015,73.17,82,72,16.22,1021,PN,1733001059
3,Bethel,41.3712,-73.414,34.3,55,100,6.91,1015,US,1733001031
4,Chibougamau,49.9168,-74.3659,22.62,86,100,6.91,1004,CA,1733001061
5,Grytviken,-54.2811,-36.5092,37.49,78,56,10.96,991,GS,1733001063
6,San Pedro Pochutla,15.7333,-96.4667,89.71,48,0,5.75,1010,MX,1733001064
7,Port-aux-Français,-49.35,70.2167,43.03,95,79,31.23,986,TF,1733001065
8,Amarante do Maranhão,-5.5667,-46.7422,89.35,36,100,3.71,1006,BR,1733001066
9,Wailua Homesteads,22.0669,-159.378,76.26,76,20,6.91,1016,US,1733001067
10,Lobujya,27.95,86.8167,6.58,30,2,5.99,1025,NP,1733001069
11,Longyearbyen,78.2186,15.6401,15.64,53,40,14.97,1002,SJ,1733001070
12,Zaozërsk,69.4005,32.4476,19.8,85,73,22.37,1004,RU,1733001071
13,Minas de Marcona,-15.2119,-75.1103,67.21,68,78,16.69,1011,PE,1733001072
14,Ribeira Grande,38.5167,-28.7,61.2,67,40,5.75,1027,PT,1733001074
15,Brookings,44.3114,-96.7984,16.18,61,0,8.05,1027,US,1733001075
16,Amuntai,-2.4177,115.2494,74.93,98,100,2.04,1007,ID,1733001076
17,Ilulissat,69.2167,-51.1,-11.31,84,10,6.67,1026,GL,1733001077
18,Tiksi,71.6872,128.8694,-11.92,100,87,4.34,1025,RU,1733001078
19,Bredasdorp,-34.5322,20.0403,64.6,70,71,6.02,1022,ZA,1733001080
20,Waitangi,-43.9535,-176.5597,55.81,76,10,15.99,1021,NZ,1733001081
21,Tazacorte,28.629,-17.9293,70.14,48,0,8.01,1022,ES,1733001083
22,Naryan-Mar,67.6713,53.087,24.06,76,94,20.07,1001,RU,1733001085
23,Labrador City,52.9463,-66.9114,22.17,89,100,18.99,993,CA,1733001086
24,Fier,40.7239,19.5561,45.95,89,100,8.75,1016,AL,1733001087
25,Al Bayḑā’,32.7627,21.7551,54.54,78,1,20.2,1020,LY,1733001088
26,Chernyshevskiy,63.0128,112.4714,-38.97,100,36,1.74,1036,RU,1733001089
27,Invercargill,-46.4,168.35,59.02,74,4,11.99,1022,NZ,1733001091
28,Tamanghasset,22.785,5.5228,58.62,22,1,2.39,1023,DZ,1733001093
29,Puerto Natales,-51.7236,-72.4875,46.85,76,75,14.97,999,CL,1733001096
30,Olonkinbyen,70.9221,-8.7187,12.9,64,100,15.99,1020,SJ,1733001097
31,Kruisfontein,-34.0033,24.7314,59.07,85,67,5.77,1022,ZA,1733001098
32,Iqaluit,63.7506,-68.5145,24.53,68,100,12.66,1021,CA,1733001099
33,Mermoz Boabab,14.7065,-17.4758,76.78,73,0,4.61,1014,SN,1733001100
34,Gwadar,25.1216,62.3254,75.97,55,0,8.81,1012,PK,1733001102
35,Al Jawf,29.5,38.75,53.83,43,0,7.67,1021,SA,1733001103
36,Oeiras,-7.0253,-42.1311,93.85,25,100,1.41,1006,BR,1733001104
37,Kapaa,22.0752,-159.319,77.79,75,20,6.91,1016,US,1733001105
38,Antsiranana,-12.2787,49.2917,76.96,83,99,0.74,1011,MG,1733001107
39,Avarua,-21.2078,-159.775,78.85,73,40,13.8,1014,CK,1733001108
40,Tazovsky,67.4667,78.7,16.16,92,100,20.58,1005,RU,1733001109
41,Ca Mau,9.1769,105.15,73.53,84,100,3.47,1008,VN,1733001110
42,Yellowknife,62.456,-114.3525,5.74,94,100,8.55,1035,CA,1733001111
43,Samcheok,37.4406,129.1708,42.03,78,73,7.85,1015,KR,1733001113
44,Alpine,32.835,-116.7664,73.78,19,0,11.5,1016,US,1733001040
45,Keflavik,64.0049,-22.5624,27.03,68,40,28.77,1008,IS,1733001115
46,Port Mathurin,-19.6833,63.4167,75.65,82,90,18.95,1014,MU,1733001116
47,Taroa,8.7058,171.2275,81.9,83,99,25.81,1009,MH,1733001117
48,Fale old settlement,-9.3852,-171.2468,83.3,65,80,18.12,1010,TK,1733001119
49,Pingliang,35.5392,106.6861,32.72,34,0,4.74,1017,CN,1733001120
50,Qaqortoq,60.7167,-46.0333,16.7,62,100,9.35,1019,GL,1733001121
51,Puerto Baquerizo Moreno,-0.9,-89.6,79.79,61,40,18.41,1010,EC,1733001122
52,Saint-Pierre,-21.3393,55.4781,74.88,73,0,4.61,1015,RE,1733000897
53,Khandyga,62.6667,135.6,-5.28,100,100,1.63,1018,RU,1733001125
54,San Antonio de Palé,-1.4014,5.6325,79.29,85,100,9.84,1013,GQ,1733001126
55,Albany,42.6001,-73.9662,31.14,65,100,1.99,1014,US,1733001127
56,Hengchun,22.0042,120.7439,67.48,76,97,9.06,1014,TW,1733001128
57,Saynshand,44.8824,110.1163,23.5,75,91,22.59,1013,MN,1733001130
58,Aasiaat,68.7098,-52.8699,-2.4,100,94,5.03,1025,GL,1733001131
59,Ar Ruţbah,33.0381,40.2848,48.67,60,1,5.35,1023,IQ,1733001132
60,Bilibino,68.0546,166.4372,0.16,99,100,3.29,1026,RU,1733001133
61,Puerto Ayora,-0.7393,-90.3518,71.91,78,76,10.42,1010,EC,1733001134
62,Klyuchi,52.2667,79.1667,4.46,96,23,4.97,1023,RU,1733001136
63,Walvis Bay,-22.9575,14.5053,60.66,85,3,3.56,1013,NA,1733001138
64,Ratnagiri,16.9833,73.3,73.04,57,100,4.92,1008,IN,1733001139
65,Amursk,50.2261,136.8994,13.62,93,100,12.08,1004,RU,1733001140
66,Shendi,16.6915,33.4341,70.93,19,2,10.36,1016,SD,1733001142
67,Edinburgh of the Seven Seas,-37.0676,-12.3116,62.69,95,100,30.02,1012,SH,1733001143
68,Saipan,15.1355,145.701,83.1,83,40,17.27,1010,MP,1733001147
69,Sarandí del Yi,-33.35,-55.6333,76.17,44,34,8.43,1013,UY,1733001148
70,Hwange,-18.3693,26.5019,73.44,68,62,3.02,1014,ZW,1733001149
71,Tympaki,35.0729,24.7685,63.1,89,45,1.99,1019,GR,1733001150
72,West Island,-12.1568,96.8225,78.78,94,75,3.44,1007,CC,1733001151
73,Ancud,-41.8697,-73.8203,55.96,68,16,13.22,1014,CL,1733001153
74,George Town,5.4112,100.3354,77.86,84,40,4.61,1007,MY,1733001154
75,Konark,19.9,86.1167,70.56,81,100,9.51,1010,IN,1733001155
76,Thompson,55.7435,-97.8558,8.76,85,100,8.05,1029,CA,1733001156
77,Ketchikan,55.3422,-131.6461,35.28,70,34,5.77,1017,US,1733001158
78,Talnakh,69.4865,88.3972,10.24,80,100,18.45,1017,RU,1733001159
79,Wagar,16.1525,36.2032,75.29,61,2,13.42,1014,SD,1733001160
80,Vilyuchinsk,52.9306,158.4028,34.07,95,100,4.94,994,RU,1733001161
81,Åkrehamn,59.2667,5.1833,50.25,93,100,16.11,1016,NO,1733001162
82,Trairi,-3.2778,-39.2689,79.63,80,32,12.41,1011,BR,1733001164
83,Cologne,50.9333,6.95,37.6,79,0,6.91,1028,DE,1733001165
84,Ust-Nera,64.5667,143.2,-9.0,100,65,2.51,1024,RU,1733001166
85,Okha,53.5739,142.9478,27.95,94,100,4.81,995,RU,1733001167
86,Vila Franca do Campo,37.7167,-25.4333,64.89,99,86,7.76,1026,PT,1733001168
87,Port Alfred,-33.5906,26.891,62.19,91,100,3.4,1021,ZA,1733001170
88,Argos,37.6333,22.7333,54.88,77,86,0.96,1013,GR,1733001171
89,Bafra,41.5678,35.9069,42.89,67,99,5.23,1029,TR,1733001172
90,Kirensk,57.7853,108.1119,-20.16,100,83,1.92,1038,RU,1733001173
91,Lihue,21.9789,-159.3672,77.92,72,20,6.91,1016,US,1733001175
92,Holualoa,19.6228,-155.9522,77.52,79,0,10.36,1016,US,1733001176
93,Santo Antônio,-6.3106,-35.4789,77.27,73,41,12.44,1012,BR,1733001177
94,Lorengau,-2.0226,147.2712,81.61,69,100,0.87,1008,PG,1733001178
95,Lázaro Cárdenas,17.9583,-102.2,83.17,65,0,11.18,1011,MX,1733001179
96,Kafue,-15.7691,28.1814,72.52,57,96,4.61,1015,ZM,1733001181
97,Bikin,46.8161,134.26,10.54,96,52,2.59,1012,RU,1733001182
98,Port Saint John's,-31.6229,29.5448,67.5,86,4,2.93,1019,ZA,1733001183
99,Utrik,11.2278,169.8474,82.45,80,78,24.7,1011,MH,1733001184
100,Whitehorse,60.7161,-135.0538,-12.28,95,16,3.87,1034,CA,1733001009
101,Ushuaia,-54.8,-68.3,46.31,70,68,8.75,990,AR,1733001187
102,San Patricio,28.017,-97.5169,66.15,60,100,8.66,1021,US,1733001188
103,Archangelos,36.2149,28.1149,53.58,80,84,15.41,1022,GR,1733001189
104,Vorgashor,67.5833,63.95,12.78,95,100,12.44,1000,RU,1733001190
105,Molde,62.7375,7.1591,48.04,87,100,2.3,1009,NO,1733001192
106,Margaret River,-33.95,115.0667,60.67,83,100,11.54,1002,AU,1733001193
107,Saint Paul Harbor,57.79,-152.4072,33.31,69,100,6.91,1010,US,1733001194
108,Atafu Village,-8.5421,-172.5159,83.44,69,100,17.76,1010,TK,1733001195
109,’Aïn Benian,36.8028,2.9219,64.67,84,8,1.68,1026,DZ,1733001196
110,Sydney,-33.8679,151.2073,71.47,88,40,6.91,1007,AU,1733001160
111,Dudinka,69.4058,86.1778,11.23,80,100,28.45,1013,RU,1733001199
112,Aykhal,66.0,111.5,-24.11,100,88,3.24,1034,RU,1733001200
113,Ciudad Choluteca,13.3003,-87.1908,93.27,46,40,11.5,1008,HN,1733001201
114,Hermanus,-34.4187,19.2345,63.81,77,83,8.05,1022,ZA,1733001202
115,Whangarei,-35.7317,174.3239,64.6,90,100,4.54,1023,NZ,1733001204
116,Sawākin,19.1059,37.3321,76.68,67,6,8.95,1016,SD,1733001205
117,Stanley,54.868,-1.6985,50.04,91,20,9.22,1014,GB,1733001206
118,Prince Rupert,54.3161,-130.3201,39.38,99,100,6.91,1015,CA,1733001207
119,Suva,-18.1416,178.4415,78.28,89,75,2.3,1009,FJ,1733001208
120,Masterton,-40.9597,175.6575,67.57,64,8,2.73,1022,NZ,1733001210
121,Longford,53.7333,-7.8,55.29,88,100,18.3,1007,IE,1733001211
122,Lerwick,60.1545,-1.1494,50.0,91,100,19.17,1006,GB,1733001212
123,Uren',57.4552,45.7852,28.53,93,99,6.15,1027,RU,1733001213
124,Nuriootpa,-34.4833,139.0,57.87,85,75,12.55,1007,AU,1733001002
125,Sumter,28.7086,-82.0831,60.98,59,65,3.0,1020,US,1733001216
126,Papatowai,-46.5619,169.4708,59.36,48,8,13.13,1021,NZ,1733001218
127,Badger,64.8,-147.5333,-8.43,78,100,0.0,1027,US,1733001219
128,Venice of the Philippines,4.6628,119.3928,81.88,82,100,17.0,1006,PH,1733001221
129,Mayqayyng,51.4625,75.7986,11.89,84,85,5.99,1022,KZ,1733001222
130,Tralee,52.2704,-9.7026,53.46,91,100,6.8,1006,IE,1733001223
131,Micheweni,-4.9667,39.8333,80.33,85,28,7.92,1011,TZ,1733001224
132,Kuna,43.4918,-116.4201,38.86,62,0,3.0,1026,US,1733001127
133,Constanța,44.1833,28.65,41.68,73,98,20.15,1031,RO,1733001227
134,Opuwo,-18.0607,13.84,76.48,28,67,4.65,1013,NA,1733001228
135,Amānganj,24.4333,80.0333,56.59,46,71,3.53,1013,IN,1733001229
136,Ḩukūmatī Azrah,34.1736,69.6457,29.26,79,3,2.17,1018,AF,1733001230
137,Lebu,-37.6167,-73.65,59.11,74,7,14.32,1015,CL,1733001232
138,Petropavlovsk-Kamchatskiy,53.0452,158.6483,32.59,93,75,2.24,994,RU,1733001233
139,Rockport,28.0206,-97.0544,64.4,78,40,10.36,1021,US,1733001234
140,Villa Gesell,-37.2639,-56.973,63.1,62,2,18.28,1015,AR,1733001235
141,Ciutadella,40.0011,3.8414,59.47,72,0,4.38,1027,ES,1733001236
142,Coristanco,43.2,-8.75,62.46,84,73,10.89,1021,ES,1733001238
143,Port Lincoln,-34.7333,135.8667,60.26,85,3,8.88,1008,AU,1733001239
144,Lüderitz,-26.6481,15.1594,66.0,53,0,22.24,1015,NA,1733001240
145,Labytnangi,66.6572,66.4183,21.87,86,100,9.73,998,RU,1733001241
146,Al Arţāwīyah,26.5053,45.3444,54.99,49,4,8.21,1021,SA,1733001242
147,Toliara,-23.35,43.6667,74.37,65,0,16.4,1014,MG,1733001244
148,Hede,33.7681,120.2517,44.28,63,69,7.02,1015,CN,1733001245
149,Henley on Thames,51.5333,-0.9,54.14,93,100,14.97,1021,GB,1733001246
150,Sos'va,59.1766,61.8558,26.35,88,66,8.57,1014,RU,1733001247
151,Nantucket,41.2835,-70.0995,39.31,48,40,16.11,1013,US,1733001249
152,Riyadh,24.6877,46.7219,59.05,38,0,6.8,1020,SA,1733001250
153,Mörön,49.6342,100.1625,16.29,59,98,1.52,1026,MN,1733001251
154,Salinópolis,-0.6136,-47.3561,81.9,76,1,9.75,1010,BR,1733001252
155,Andreyevo,55.9465,41.1505,31.62,88,100,5.21,1031,RU,1733001254
156,Ambodifotatra,-16.9833,49.85,78.69,77,20,7.34,1012,MG,1733001255
157,Carnarvon,-24.8667,113.6333,72.63,76,63,13.33,1006,AU,1733001256
158,Pamandzi,-12.7967,45.2794,82.18,83,97,13.8,1011,YT,1733001257
159,Weno,7.4515,151.8468,84.15,74,75,8.05,1008,FM,1733001258
160,Dryden,49.7833,-92.7503,16.09,79,100,6.91,1019,CA,1733001260
161,Lompoc,34.6391,-120.4579,68.54,54,75,4.61,1017,US,1733001261
162,Nemuro,43.3236,145.575,34.65,70,0,15.41,1001,JP,1733001263
163,Witu,-2.3889,40.4382,78.12,84,39,4.14,1011,KE,1733001266
164,Sitka,57.0531,-135.33,30.09,47,0,3.44,1017,US,1733001267
165,Mālvan,16.0667,73.4667,75.79,58,100,8.25,1008,IN,1733001268
166,Broome,42.2506,-75.833,27.46,75,100,10.36,1016,US,1733001270
167,Azare,11.6765,10.1948,69.44,27,11,9.19,1017,NG,1733001271
168,Port Elizabeth,-33.918,25.5701,64.31,93,61,1.01,1021,ZA,1733001273
169,Scarborough,54.2797,-0.4044,53.56,64,70,7.0,1017,GB,1733001275
170,Newman,37.3138,-121.0208,60.8,38,20,2.53,1019,US,1733001276
171,Beltrán,-27.8291,-64.061,75.54,76,87,4.32,1005,AR,1733001277
172,Fortuna,40.5982,-124.1573,57.83,57,0,3.44,1020,US,1733001278
173,Anse La Raye,13.9333,-61.0333,81.21,48,20,11.5,1013,LC,1733001279
174,Uturoa,-16.7333,-151.4333,81.61,72,84,6.85,1012,PF,1733001281
175,Hamilton,39.1834,-84.5333,33.48,42,0,11.5,1023,US,1733001282
176,Magadan,59.5667,150.8,27.1,81,99,17.36,1005,RU,1733001283
177,Huarmey,-10.0681,-78.1522,71.74,79,53,10.98,1010,PE,1733001284
178,Kiruna,67.8557,20.2251,5.92,85,100,6.91,1009,SE,1733001285
179,Kavaratti,10.5669,72.642,80.94,70,100,13.31,1007,IN,1733001287
180,Blackmans Bay,-43.0167,147.3167,61.92,96,87,8.68,999,AU,1733001288
181,Gao,16.6362,1.637,68.56,16,0,10.87,1018,ML,1733001289
182,Ghanzi,-21.5667,21.7833,76.62,22,0,8.75,1015,BW,1733001290
183,Fuglafjørður,62.244,-6.814,46.92,98,100,21.45,994,FO,1733001292
184,Isangel,-19.55,169.2667,82.51,74,20,3.44,1009,VU,1733001293
185,Koné,-21.0595,164.8658,82.81,52,0,3.29,1010,NC,1733001294
186,Port Douglas,-16.4833,145.4667,79.61,82,63,2.51,1010,AU,1733001295
187,Katsuura,35.1333,140.3,51.84,66,0,13.24,1013,JP,1733001297
188,La Sarre,48.8002,-79.1996,22.89,96,100,5.32,1005,CA,1733001298
189,Taltal,-25.4,-70.4833,66.15,71,29,6.08,1014,CL,1733001299
190,Ibresi,55.2961,47.0394,30.29,92,100,6.62,1030,RU,1733001300
191,Cam Pha Mines,21.0167,107.3,59.85,76,86,4.45,1014,VN,1733001302
192,İyidere,41.0119,40.3619,45.1,77,2,5.23,1029,TR,1733001303
193,Cabo San Lucas,22.8909,-109.9124,77.76,61,0,9.22,1014,MX,1733001079
194,Namsos,64.4662,11.4957,37.31,93,100,3.44,1004,NO,1733001307
195,Yen Bai,21.7,104.8667,60.31,75,97,1.74,1014,VN,1733001308
196,Esim,4.8699,-2.2405,80.15,77,16,7.0,1013,GH,1733001309
197,Timmins,48.4669,-81.3331,21.02,86,75,4.61,1006,CA,1733001310
198,College,64.8569,-147.8028,-9.04,67,99,0.0,1027,US,1733001163
199,Touros,-5.1989,-35.4608,77.67,74,30,10.2,1012,BR,1733001313
200,Nabatîyé et Tahta,33.3789,35.4839,49.84,80,1,1.63,1022,LB,1733001314
201,Praia da Vitória,38.7333,-27.0667,59.25,88,40,12.66,1026,PT,1733001315
202,Cidreira,-30.1811,-50.2056,70.92,78,1,8.16,1015,BR,1733001316
203,Ponta Delgada,37.7333,-25.6667,61.52,72,20,4.61,1026,PT,1733001317
204,Arraial do Cabo,-22.9661,-42.0278,78.66,94,75,18.41,1012,BR,1733001319
205,Mount Pearl,47.5166,-52.7813,38.37,96,100,8.05,1007,CA,1733001320
206,Gloucester,51.8657,-2.2431,55.56,88,99,8.99,1019,GB,1733001321
207,Cuyo,10.8525,121.0086,81.81,81,100,12.95,1007,PH,1733001322
208,Mount Gambier,-37.8333,140.7667,58.64,98,100,5.61,1003,AU,1733001215
209,Swakopmund,-22.6833,14.5333,59.99,85,20,1.01,1014,NA,1733001325
210,Tidjikja,18.5564,-11.4271,71.58,16,13,11.45,1019,MR,1733001326
211,Kasongo-Lunda,-6.4667,16.8167,71.96,94,100,1.25,1014,CD,1733001327
212,Puerto Santa,-8.9906,-78.6456,70.21,80,64,11.81,1010,PE,1733001328
213,Kalajoki,64.25,23.95,35.89,98,100,10.02,1005,FI,1733001330
214,Barbastro,42.0356,0.1269,51.35,76,8,2.66,1027,ES,1733001331
215,Montmagny,48.9734,2.3469,35.78,100,100,5.75,1026,FR,1733001332
216,Rivière-du-Loup,47.8304,-69.5342,30.47,80,100,5.75,1005,CA,1733001333
217,Sinabang,2.4803,96.3801,78.8,83,100,3.69,1008,ID,1733001334
218,Itaguaí,-22.8522,-43.7753,74.82,88,100,8.05,1012,BR,1733001336
219,Porto-Novo,6.4965,2.6036,80.01,58,100,5.68,1013,BJ,1733001337
220,Muynak,43.7683,59.0214,38.3,65,16,9.28,1027,UZ,1733001338
221,Khor'fakkan,25.3313,56.342,75.25,55,0,15.73,1014,AE,1733001339
222,Tura,25.5198,90.2201,60.17,78,69,3.8,1012,IN,1733001340
223,Yunmeng Chengguanzhen,31.0625,113.7655,50.14,63,0,3.44,1015,CN,1733001342
224,Kununurra,-15.7667,128.7333,80.58,94,77,5.75,1006,AU,1733001343
225,Valky,49.8387,35.6207,29.23,92,21,5.37,1037,UA,1733001344
226,Fort Morgan,40.2503,-103.8,47.05,29,0,8.05,1018,US,1733001345
227,Barra do Corda,-5.5,-45.25,93.07,30,95,3.29,1006,BR,1733001347
228,Pitimbu,-7.4706,-34.8086,77.95,70,80,8.61,1013,BR,1733001348
229,Karratha,-20.7377,116.8463,78.49,75,16,11.7,1005,AU,1733001349
230,Kailua-Kona,19.6406,-155.9956,81.09,77,0,10.36,1015,US,1733001350
231,Hasaki,35.7333,140.8333,55.08,54,0,10.02,1013,JP,1733001351
232,Al Muwayh,22.4333,41.7583,69.57,42,0,7.29,1016,SA,1733001353
233,Soanierana Ivongo,-16.9167,49.5833,74.41,89,36,1.83,1012,MG,1733001354
234,Lake Monticello,37.9232,-78.3347,40.48,34,3,3.0,1021,US,1733001355
235,Kill Devil Hills,36.0307,-75.676,43.03,47,0,8.05,1022,US,1733001356
236,Tsiombe,-25.3,45.4833,69.69,73,1,5.3,1016,MG,1733001357
237,Arrondissement du Havre,49.5833,0.3333,49.77,93,75,11.5,1024,FR,1733001359
238,Cadale,2.7603,46.3222,79.9,75,76,17.58,1011,SO,1733001360
239,Okhotsk,59.3833,143.3,21.81,83,100,13.11,1005,RU,1733001361
240,Inarajan Village,13.2736,144.7484,80.82,89,100,13.89,1010,GU,1733001362
241,Caernarfon,53.1413,-4.2702,55.13,88,100,21.85,1013,GB,1733001363
242,Atbasar,51.8,68.3333,1.31,94,18,2.1,1023,KZ,1733001365
243,Alofi,-19.0595,-169.9187,78.69,83,75,13.8,1010,NU,1733001366
244,Concepción de la Vega,19.2221,-70.5296,86.85,85,100,6.11,1013,DO,1733001367
245,Hiratachō,35.4333,132.8167,46.36,93,100,6.91,1016,JP,1733001368
246,Kalmunai,7.4167,81.8167,76.28,85,100,3.42,1004,LK,1733001370
247,Hampton Bays,40.869,-72.5176,37.65,48,75,8.05,1015,US,1733001371
248,Enewetak,11.3474,162.3373,82.8,78,100,21.52,1010,MH,1733001372
249,La Ronge,55.1001,-105.2842,-1.95,65,100,1.14,1032,CA,1733001373
250,Yuzhno-Kurilsk,44.0306,145.8556,36.21,65,59,15.17,999,RU,1733001374
251,Whitehaven,54.549,-3.5841,56.66,86,100,15.99,1013,GB,1733001376
252,Jamestown,42.097,-79.2353,25.02,69,100,16.11,1018,US,1733001377
253,Asan-Maina Village,13.4722,144.7165,80.94,89,75,9.22,1010,GU,1733001378
254,Luanda,-8.8368,13.2343,78.8,83,40,10.36,1013,AO,1733001379
255,Linguaglossa,37.8432,15.1388,39.63,80,26,7.45,1021,IT,1733001382
256,Esna,25.2934,32.554,61.57,48,0,6.38,1019,EG,1733001383
257,Taoudenni,22.6783,-3.9836,69.58,17,38,10.89,1022,ML,1733001384
258,São Mateus do Maranhão,-4.0417,-44.475,87.76,52,80,8.68,1008,BR,1733001387
259,Chonchi,-42.6128,-73.8092,55.62,62,88,3.51,1014,CL,1733001388
260,Kisangani,0.5167,25.2,72.75,88,97,1.36,1013,CD,1733001389
261,Isafjordur,66.0755,-23.124,18.91,84,98,29.57,1019,IS,1733001391
262,Choix,26.7092,-108.3219,88.66,13,46,6.6,1013,MX,1733001392
263,San Luis de la Loma,17.2706,-100.8939,83.77,68,15,10.07,1011,MX,1733001393
264,Afaahiti,-17.75,-149.2833,78.76,80,33,11.34,1013,PF,1733001394
265,Dul'durga,50.6761,113.5931,8.31,95,88,5.88,1017,RU,1733001395
266,Dunedin,-45.8742,170.5036,60.49,48,2,5.32,1020,NZ,1733001127
267,Akseki,37.0486,31.79,37.98,77,20,2.35,1024,TR,1733001398
268,Mosjøen,65.836,13.1908,27.12,93,20,0.0,1003,NO,1733001399
269,Polyarny,69.1989,33.4478,19.87,82,96,20.47,1004,RU,1733001400
270,Arrifes,37.7667,-25.7,59.25,72,20,4.61,1026,PT,1733001401
271,São Félix do Xingu,-6.6447,-51.995,88.68,41,88,2.44,1006,BR,1733001403
272,Arteche,12.2645,125.4048,77.83,92,75,2.82,1006,PH,1733001404
273,Wanlaweyn,2.6185,44.8938,77.04,76,70,11.03,1011,SO,1733001405
274,Shingū,33.7333,135.9833,44.42,79,0,6.02,1016,JP,1733001406
275,Acapulco de Juárez,16.8634,-99.8901,85.82,70,0,9.22,1010,MX,1733001407
276,Aden,12.7794,45.0367,79.72,65,50,6.11,1014,YE,1733001409
277,Kenora,49.8167,-94.4337,14.97,79,75,6.91,1021,CA,1733001410
278,Saulkrasti,57.2622,24.4147,39.7,85,100,16.82,1028,LV,1733001412
279,Mata-Utu,-13.2816,-176.1745,81.93,76,98,6.91,1009,WF,1733001415
280,Adrar,20.5022,-10.0711,68.67,17,74,11.27,1021,MR,1733001416
281,Erdenet,49.0333,104.0833,9.59,41,93,8.86,1030,MN,1733001417
282,Namtsy,62.7161,129.6658,-6.27,93,100,6.51,1020,RU,1733001419
283,Carlsbad,33.1581,-117.3506,73.51,28,0,9.22,1017,US,1733001420
284,Ouésso,1.6136,16.0517,74.95,70,7,1.97,1012,CG,1733001421
285,Plettenberg Bay,-34.0527,23.3716,61.09,84,67,4.0,1022,ZA,1733001422
286,Bafoulabé,13.8065,-10.8321,79.38,15,0,6.2,1014,ML,1733001424
287,Khāsh,28.2211,61.2158,48.16,44,0,5.23,1017,IR,1733001425
288,Nizhneudinsk,54.9076,99.0276,6.91,93,19,2.48,1034,RU,1733001426
289,Broken Hill,-31.95,141.4333,68.5,59,0,2.89,1008,AU,1733001427
290,Punta Arenas,-53.15,-70.9167,48.31,66,40,23.02,996,CL,1733001428
291,Birżebbuġa,35.8258,14.5269,56.08,58,20,14.97,1021,MT,1733001430
292,Jumla,29.2747,82.1838,35.83,56,0,5.86,1019,NP,1733001431
293,As Saffānīyah,27.9708,48.73,61.29,43,0,13.49,1020,SA,1733001432
294,Nishinoomote,30.7333,131.0,60.22,63,26,11.74,1017,JP,1733001433
295,Callao,-12.0667,-77.15,70.09,78,100,13.8,1011,PE,1733001434
296,Emerald,-23.5333,148.1667,72.34,97,39,6.08,1010,AU,1733001436
297,Obihiro,42.9172,143.2044,32.27,69,8,12.91,1003,JP,1733001437
298,Nurota,40.5614,65.6886,40.28,62,89,10.11,1027,UZ,1733001438
299,Sooke,48.3746,-123.7276,46.53,91,90,2.3,1024,CA,1733001439
300,Kapuskasing,49.4169,-82.4331,21.2,86,100,10.36,1006,CA,1733001441
301,Udachny,66.4167,112.4,-29.88,100,96,3.0,1035,RU,1733001442
302,Sola,-13.8833,167.55,84.87,79,40,6.91,1007,VU,1733001443
303,Viedma,-40.8135,-62.9967,85.15,14,20,18.66,1005,AR,1733001444
304,Zhaksy,51.9083,67.3133,4.32,90,46,3.36,1023,KZ,1733001445
305,Wewak,-3.5534,143.6268,80.19,84,76,2.73,1008,PG,1733001447
306,Iskateley,67.6803,53.1512,24.15,75,95,19.93,1001,RU,1733001448
307,Ruidoso,33.3317,-105.673,56.62,10,0,6.91,1017,US,1733001449
308,Iquique,-20.2208,-70.1431,67.37,82,99,5.17,1012,CL,1733001450
309,Kendari,-3.945,122.4989,76.78,95,100,1.03,1007,ID,1733001452
310,Lüshunkou,38.8,121.2667,35.82,66,100,7.65,1013,CN,1733001453
311,Bo`ka,40.8108,69.1986,44.6,86,100,5.08,1026,UZ,1733001454
312,Ahmednagar,19.0833,74.7333,63.36,59,100,4.32,1011,IN,1733001455
313,Antsohihy,-14.8796,47.9875,76.17,90,95,4.29,1011,MG,1733001456
314,Hailun,47.45,126.9333,-3.53,99,34,5.73,1016,CN,1733001458
315,Tôlanaro,-25.0319,46.9987,69.87,88,20,4.61,1016,MG,1733001459
316,Morondava,-20.2833,44.2833,77.94,62,2,13.42,1010,MG,1733001460
317,Crane,31.3974,-102.3501,60.26,29,100,1.41,1019,US,1733001463
318,Bordj Ghdir,35.9011,4.8981,48.87,68,0,4.05,1026,DZ,1733001464
319,Gejiu,23.306,103.1635,42.85,94,13,1.66,1015,CN,1733001465
320,Nadym,65.5333,72.5167,16.97,94,100,17.05,1001,RU,1733001466
321,Lodwar,3.1191,35.5973,86.36,42,33,0.85,1010,KE,1733001468
322,Shenjiamen,29.9576,122.298,56.48,66,1,13.76,1016,CN,1733001469
323,Morehead City,34.7229,-76.726,46.98,37,0,4.0,1023,US,1733001470
324,Hadibu,12.65,54.0333,77.4,73,95,10.87,1014,YE,1733001471
325,Goundam,16.4145,-3.6708,74.77,12,6,10.13,1018,ML,1733001472
326,East London,-33.0153,27.9116,67.71,76,100,4.03,1020,ZA,1733001474
327,Ormara,25.2088,64.6357,79.75,58,0,8.39,1012,PK,1733001475
328,Bikenibeu Village,1.3673,173.1241,85.96,70,20,16.11,1008,KI,1733001476
329,Maintirano,-18.0667,44.0167,79.92,67,97,17.02,1011,MG,1733001477
330,Gazojak,41.1875,61.4036,44.38,72,100,11.83,1027,TM,1733001478
331,Marsh Harbour,26.5412,-77.0636,73.85,75,43,12.06,1017,BS,1733001480
332,Datong,40.0936,113.2914,28.74,60,1,4.43,1016,CN,1733001481
333,Bodaybo,57.8506,114.1933,-9.69,100,100,1.3,1034,RU,1733001482
334,Stephenville,32.2207,-98.2023,62.56,28,0,9.22,1021,US,1733001483
335,Vernon,50.2581,-119.2691,36.93,72,100,7.0,1023,CA,1733001484
336,Klaksvík,62.2266,-6.589,47.77,99,100,27.07,995,FO,1733001486
337,Troia,41.3631,15.3124,42.62,81,100,16.31,1022,IT,1733001487
338,Rémire-Montjoly,4.9167,-52.2667,82.44,78,40,9.22,1012,GF,1733001488
339,Kerikeri,-35.2268,173.9474,64.4,88,100,5.84,1023,NZ,1733001489
340,Kanniyākumāri,8.0833,77.5667,79.86,82,100,21.63,1005,IN,1733001491
341,Priozersk,61.0393,30.1291,40.35,87,100,21.03,1014,RU,1733001492
342,Wulingyuan,29.3494,110.5441,44.04,81,0,3.06,1015,CN,1733001493
343,Ras al-Khaimah,25.7895,55.9432,62.82,67,20,4.61,1014,AE,1733001494
344,Valle Hermoso,25.6667,-97.8333,61.93,60,100,9.82,1020,MX,1733001495
345,Kargasok,59.0556,80.8572,12.85,96,89,8.12,1020,RU,1733001497
346,Whitecourt,54.1502,-115.6855,4.24,78,100,5.75,1029,CA,1733001498
347,Bandon,51.7469,-8.7425,54.99,98,100,16.87,1009,IE,1733001499
348,Sechura,-5.5569,-80.8222,79.63,57,48,16.4,1008,PE,1733001500
349,Ebon,4.582,168.6964,82.87,75,99,10.22,1008,MH,1733001502
350,Puerto Deseado,-47.7503,-65.8938,75.4,21,2,24.92,991,AR,1733001503
351,Faliraki,36.3398,28.1994,62.1,92,75,11.5,1022,GR,1733001504
352,Igarka,67.4667,86.5833,10.92,78,100,24.49,1018,RU,1733001505
353,Kangdong-ŭp,39.1425,126.0961,32.04,83,11,2.59,1016,KP,1733001506
354,Juneau,58.3019,-134.4197,11.16,80,20,8.05,1023,US,1733001369
355,Vadsø,70.0744,29.7487,24.96,74,93,23.02,1003,NO,1733001509
356,Mana,5.6592,-53.7767,77.32,88,95,9.35,1011,GF,1733001510
357,Dhandhuka,22.3667,71.9833,67.32,32,3,8.86,1011,IN,1733001511
358,Dzuunmod,48.2199,97.3744,5.11,75,62,3.22,1028,MN,1733001513
359,Ulaangom,49.9811,92.0667,10.04,83,96,2.53,1031,MN,1733001514
360,Teno,-34.8667,-71.1833,78.35,27,0,12.66,1012,CL,1733001515
361,Raja,8.4596,25.678,72.54,27,30,4.34,1014,SS,1733001516
362,Porangatu,-13.4408,-49.1486,78.57,83,100,4.36,1009,BR,1733001517
363,Idrinskoye,54.3708,92.1358,5.31,98,44,3.09,1029,RU,1733001519
364,Inongo,-1.95,18.2667,72.41,90,100,5.26,1012,CD,1733001520
365,Wynyard,-41.0,145.7167,60.19,98,100,7.36,1000,AU,1733001521
366,Kenai,60.5544,-151.2583,8.02,98,40,6.91,1014,US,1733001522
367,Plastun,44.7561,136.2939,20.01,62,0,8.12,1007,RU,1733001523
368,Beyneu,45.3167,55.2,32.52,75,7,8.68,1029,KZ,1733001525
369,Kayangel,8.0823,134.7173,84.65,74,93,10.69,1008,PW,1733001526
370,Muroto-misakicho,33.2833,134.15,53.56,60,1,6.62,1017,JP,1733001527
371,Waingapu,-9.6567,120.2641,82.51,76,100,2.33,1006,ID,1733001528
372,International Falls,48.6011,-93.411,10.58,79,100,10.38,1021,US,1733001529
373,Binzhou,37.3667,118.0167,43.74,52,42,4.38,1012,CN,1733001532
374,Porbandar,21.6422,69.6093,72.64,29,5,8.59,1011,IN,1733001533
375,Marrakesh,31.6315,-8.0083,71.67,33,75,6.91,1026,MA,1733001534
376,Geraldton,-28.7667,114.6,68.41,73,100,9.22,1005,AU,1733001536
377,Ndibène Dahra,15.3338,-15.4766,78.24,12,0,9.86,1015,SN,1733001537
378,Huangmei,30.1924,116.025,50.29,50,0,2.19,1016,CN,1733001538
379,Selfoss,63.9331,-20.9971,25.34,56,2,19.51,1007,IS,1733001539
380,Forquilha,-3.7983,-40.2606,86.7,50,72,13.96,1008,BR,1733001541
381,Moral de Calatrava,38.7919,-3.5786,55.31,65,14,0.89,1027,ES,1733001542
382,Shalqar,47.8333,59.6,30.42,63,94,6.58,1025,KZ,1733001544
383,Bria,6.5423,21.9863,72.09,46,82,2.37,1013,CF,1733001546
384,Juan Griego,11.0817,-63.9655,83.98,70,77,13.22,1010,VE,1733001547
385,Berdigestyakh,62.0989,126.6992,-9.92,96,100,6.87,1024,RU,1733001548
386,Salekhard,66.53,66.6019,23.11,85,100,11.39,998,RU,1733001549
387,Sauðarkrokur,65.7461,-19.6394,23.97,82,89,29.15,1014,IS,1733001550
388,Notodden,59.5594,9.2585,34.75,60,100,3.31,1017,NO,1733001552
389,Tingi,-11.3,35.0333,64.78,91,100,2.77,1016,TZ,1733001553
390,Praia,14.9215,-23.5087,77.54,73,0,11.5,1016,CV,1733001554
391,Picayune,30.5255,-89.6795,56.89,42,92,2.17,1024,US,1733001555
392,Debark’,13.1561,37.8981,52.79,74,49,4.5,1018,ET,1733001556
393,El Rodeo (El Naranjo),21.4667,-98.6,75.13,54,6,2.39,1017,MX,1733001558
394,Ujae,8.9322,165.7642,81.34,84,100,24.83,1009,MH,1733001559
395,Dabakala,8.3667,-4.4333,76.28,30,98,0.34,1014,CI,1733001560
396,Lā‘ie,21.6477,-157.9253,79.99,66,51,10.6,1015,US,1733001561
397,Dengi,9.3667,9.95,74.86,33,22,6.15,1015,NG,1733001563
398,Boa Vista,2.8197,-60.6733,87.78,58,75,4.61,1008,BR,1733001564
399,Vilyuysk,63.7553,121.6247,-22.29,97,96,6.38,1028,RU,1733001565
400,Chamdo,31.1667,97.2333,19.45,48,16,1.52,1017,CN,1733001566
401,Kangding,30.0513,101.9603,35.76,48,2,9.93,1015,CN,1733001567
402,New Norfolk,-42.7826,147.0587,63.72,98,98,2.35,999,AU,1733001569
403,Mostaganem,35.9311,0.0892,62.73,73,7,2.33,1026,DZ,1733001570
404,Key West,24.5557,-81.7826,73.81,74,0,12.66,1017,US,1733001311
405,Bosobolo,4.1833,19.9,74.21,51,9,1.57,1013,CD,1733001572
406,Kamina,-8.7386,24.9906,64.85,96,100,4.34,1015,CD,1733001573
407,Taulaga,-11.0553,-171.0883,82.87,73,37,16.35,1010,AS,1733001575
408,Tarauacá,-8.1614,-70.7656,85.57,62,91,3.27,1007,BR,1733001576
409,Zijinglu,34.76,112.9714,45.66,38,0,6.35,1014,CN,1733001577
410,Thanh Hoa,19.8,105.7667,61.59,82,100,3.56,1013,VN,1733001578
411,Sai Buri,6.7013,101.6168,77.97,93,100,5.32,1008,TH,1733001580
412,Kingston,17.997,-76.7936,86.95,74,20,8.05,1012,JM,1733001581
413,Korla,41.7597,86.1469,28.58,75,68,1.92,1022,CN,1733001582
414,San Julián,21.0167,-102.1667,78.12,17,12,3.4,1012,MX,1733001583
415,Lubao,14.9167,120.55,76.71,82,100,4.34,1008,PH,1733001584
416,Bathsheba,13.2167,-59.5167,84.81,74,40,18.41,1013,BB,1733001586
417,Sterling,39.0062,-77.4286,34.32,46,20,9.22,1021,US,1733001587
418,Tuchkovo,55.6011,36.4681,31.08,94,100,6.71,1032,RU,1733001588
419,Kotapārh,19.15,82.35,65.28,99,100,7.38,1010,IN,1733001589
420,Monticello,45.3055,-93.7941,14.79,55,0,11.5,1024,US,1733001590
421,Cassilândia,-19.1133,-51.7342,83.97,70,93,4.34,1008,BR,1733001592
422,Bom Jesus,-9.0744,-44.3586,91.44,27,100,0.85,1006,BR,1733001593
423,Kalāleh,37.3807,55.4916,42.4,93,20,0.0,1031,IR,1733001594
424,Verdal,63.7933,11.4817,42.93,93,100,8.99,1007,NO,1733001595
425,Tual,-5.6667,132.75,84.4,76,100,8.1,1006,ID,1733001597
426,Egersund,58.4513,5.9997,48.56,98,93,7.74,1018,NO,1733001598
427,Nuporanga,-20.7308,-47.7306,78.66,75,92,2.84,1010,BR,1733001599
428,Lautoka,-17.6167,177.4667,82.26,65,40,6.91,1009,FJ,1733001600
429,Codrington,-38.2667,141.9667,59.22,97,100,13.4,1002,AU,1733001601
430,Kourou,5.1552,-52.6478,77.04,89,42,6.67,1012,GF,1733001603
431,Sungai Penuh,-2.0833,101.3833,65.03,90,96,2.71,1011,ID,1733001604
432,Parāsia,22.2,78.7667,57.88,49,86,4.56,1013,IN,1733001605
433,Argostoli,38.1811,20.489,59.74,70,100,5.93,1014,GR,1733001606
434,Naze,28.3667,129.4833,58.12,72,25,4.79,1017,JP,1733001607
435,Vacha,55.8008,42.7706,30.42,93,100,5.66,1031,RU,1733001609
436,San Martín de los Andes,-40.1604,-71.3486,59.16,35,0,15.57,1008,AR,1733001610
437,Yaren,-0.5472,166.916,81.61,78,70,8.16,1008,NR,1733001611
438,Mil’kovo,55.6078,37.7956,34.63,60,100,7.99,1032,RU,1733001612
439,Mbandaka,0.0487,18.2603,72.48,92,99,2.26,1012,CD,1733001614
440,Hithadhoo,-0.6,73.0833,79.79,83,100,19.35,1009,MV,1733001615
441,Dakhla,23.6848,-15.958,75.22,53,100,12.66,1020,EH,1733001616
442,Machico,32.7,-16.7667,66.83,82,20,2.3,1022,PT,1733001617
443,Ladozhskaya,45.3081,39.935,33.53,80,15,8.75,1032,RU,1733001618
444,Greymouth,-42.4667,171.2,64.06,62,1,2.13,1023,NZ,1733001620
445,Hirara,24.8,125.2833,61.07,82,100,3.44,1016,JP,1733001621
446,Gebeit,21.0667,36.3167,63.39,72,0,2.77,1017,SD,1733001622
447,Al-Fashir,13.6279,25.3494,64.96,21,4,11.07,1018,SD,1733001623
448,Smithers,54.7804,-127.1743,21.52,93,100,5.75,1022,CA,1733001624
449,San Andrés,12.5847,-81.7006,82.42,78,75,16.11,1009,CO,1733001626
450,Tutóia,-2.7619,-42.2744,81.0,80,85,11.83,1010,BR,1733001627
451,Ejura,7.3856,-1.3562,75.78,39,14,1.19,1014,GH,1733001628
452,Egilsstadir,65.2653,-14.3948,26.51,100,100,28.77,1008,IS,1733001629
453,Kabalo,-6.05,26.9167,70.11,96,100,2.91,1013,CD,1733001631
454,Tomaszów Lubelski,50.4477,23.4162,35.87,95,83,5.14,1035,PL,1733001632
455,Safford,32.834,-109.7076,70.75,28,0,4.61,1017,US,1733001633
456,Lázaro Cárdenas,17.9583,-102.2,83.17,65,0,11.18,1011,MX,1733001636
457,Kuala Terengganu,5.3302,103.1408,82.35,78,20,16.11,1007,MY,1733001637
458,Brandon,27.9378,-82.2859,64.99,52,0,8.99,1020,US,1733001638
459,Salalah,17.0151,54.0924,82.49,30,0,11.5,1015,OM,1733001639
460,Camayenne,9.535,-13.6878,83.17,61,2,7.18,1013,GN,1733001640
461,Colón,9.3592,-79.9014,79.92,74,73,7.0,1008,PA,1733001642
462,Hammerfest,70.6634,23.6821,28.85,59,20,20.71,1005,NO,1733001643
463,Nouadhibou,20.931,-17.0347,76.98,38,78,10.36,1018,MR,1733001644
464,Taksimo,56.3444,114.8794,-9.42,92,98,3.27,1030,RU,1733001645
465,Port-Gentil,-0.7193,8.7815,80.56,89,40,5.75,1013,GA,1733001648
466,Sarikei,2.1167,111.5167,73.18,98,100,1.97,1007,MY,1733001649
467,Las Khorey,11.1595,48.1967,78.35,58,33,6.71,1015,SO,1733001650
468,Luau,-10.7073,22.2247,65.59,99,100,5.21,1016,AO,1733001652
469,Bermejillo,25.8833,-103.6167,72.1,26,98,3.11,1015,MX,1733001653
470,Mili,6.0815,171.735,82.24,78,100,15.77,1009,MH,1733001654
471,Lauro de Freitas,-12.8944,-38.3272,78.82,78,0,11.5,1012,BR,1733001655
472,Palmer,42.1584,-72.3287,33.64,51,75,10.36,1014,US,1733001658
473,Fort Bragg,35.139,-79.006,48.92,27,0,8.05,1023,US,1733001659
474,Vallenar,-28.5708,-70.7581,81.95,25,0,9.19,1011,CL,1733001660
475,Salinas,36.6777,-121.6555,67.6,41,0,5.75,1017,US,1733001661
476,Buala,-8.145,159.5921,82.02,77,100,0.67,1008,SB,1733001663
477,Cianorte,-23.6633,-52.605,84.52,65,89,2.95,1007,BR,1733001664
478,Harstad,68.799,16.5293,26.62,94,100,8.99,1007,NO,1733001665
479,Piteå,65.3172,21.4794,27.3,94,100,5.46,1007,SE,1733001666
480,La Passe,45.5549,-0.8967,53.51,87,89,9.57,1024,FR,1733001667
481,Kut,32.5147,45.819,54.84,35,0,12.93,1020,IQ,1733001669
482,Cannonvale,-20.2833,148.7,78.19,83,86,2.33,1010,AU,1733001670
483,Boende,-0.2167,20.8667,73.22,90,85,0.74,1012,CD,1733001671
484,Angol,-37.8,-72.7167,74.07,25,21,5.01,1010,CL,1733001672
485,Esmeraldas,-19.7625,-44.3139,72.81,84,99,2.48,1010,BR,1733001674
486,Richards Bay,-28.783,32.0377,66.27,83,5,5.03,1019,ZA,1733001675
487,Nieuw Amsterdam,5.8833,-55.0833,84.22,74,40,5.75,1011,SR,1733001676
488,Bamboo Flat,11.7,92.7167,75.29,100,75,2.3,1007,IN,1733001677
489,Howard Springs,-12.497,131.047,74.98,100,100,3.78,1007,AU,1733001678
490,Zeya,53.75,127.2667,3.94,93,100,2.3,1010,RU,1733001680
491,Orange Walk District,17.8333,-88.8333,83.34,54,2,5.14,1014,BZ,1733001681
492,Gubkinskiy,64.434,76.5026,19.78,93,100,20.94,1007,RU,1733001682
493,Childress,34.4264,-100.204,62.85,19,0,10.36,1020,US,1733001683
494,St. John's,47.5649,-52.7093,38.77,95,100,8.05,1007,CA,1733001684
495,Cocal,-28.6167,-49.35,67.75,95,99,2.86,1015,BR,1733001686
496,Valparaíso,-33.0393,-71.6273,70.03,52,0,11.5,1015,CL,1733001687
497,Sucúa,-2.4667,-78.1667,81.34,57,20,10.36,1011,EC,1733001688
498,Nadi,-17.8,177.4167,82.4,65,40,6.91,1009,FJ,1733001689
499,Acaraú,-2.8856,-40.12,80.82,75,76,17.72,1010,BR,1733001691
500,Akune,32.0167,130.2,52.86,71,5,7.25,1018,JP,1733001692
501,Matoury,4.8483,-52.3317,82.36,78,40,9.22,1012,GF,1733001693
502,Alice Springs,-23.7,133.8833,81.95,51,100,8.05,1006,AU,1733001671
503,Tikaitnagar,26.95,81.5833,60.71,52,0,3.44,1013,IN,1733001695
504,Bhadravati,13.8667,75.7167,70.12,77,100,0.87,1008,IN,1733001697
505,Hilo,19.7297,-155.09,78.98,71,0,8.05,1016,US,1733001698
506,Olinda,-8.0089,-34.8553,80.33,69,40,5.75,1013,BR,1733001699
507,Narvik,68.4384,17.4272,23.25,88,99,5.73,1008,NO,1733001700
508,Keningau,5.3378,116.1602,70.81,96,100,1.52,1009,MY,1733001701
509,São José da Coroa Grande,-8.8978,-35.1478,77.23,77,65,9.08,1013,BR,1733001703
510,Dongola,19.1667,30.4833,62.92,32,0,10.92,1019,SD,1733001704
511,Kuusamo,65.9667,29.1833,17.64,93,100,3.44,1008,FI,1733001705
512,Thinadhoo,0.5333,72.9333,81.27,78,81,19.57,1009,MV,1733001706
513,São Vicente,-23.9631,-46.3919,76.98,26,100,8.05,1013,BR,1733001706
514,Marabu,4.4148,114.0089,75.34,100,40,2.3,1007,MY,1733001709
515,Sanya,18.2431,109.505,68.16,77,40,4.47,1013,CN,1733001710
516,Arrondissement de Beaune,47.0833,4.75,31.55,85,41,2.01,1029,FR,1733001711
517,Flying Fish Cove,-10.4217,105.6791,81.81,84,100,10.36,1007,CX,1733001712
518,Champerico,14.3,-91.9167,82.27,61,9,7.02,1009,GT,1733001714
519,Makokou,0.5738,12.8642,74.82,79,74,1.59,1013,GA,1733001715
520,Kuching,1.55,110.3333,77.76,99,20,0.0,1007,MY,1733001716
521,Bolgar,54.95,49.0667,33.33,83,100,13.78,1029,RU,1733001717
522,Anadyr,64.75,177.4833,30.0,86,40,28.99,1029,RU,1733001719
523,Show Low,34.2542,-110.0298,50.85,35,0,5.75,1018,US,1733001720
524,Bubaque,11.2833,-15.8333,83.62,54,18,9.75,1013,GW,1733001721
525,Saldanha,-33.0117,17.9442,60.85,83,6,21.88,1020,ZA,1733001722
526,Malanje,-9.5402,16.341,65.44,97,98,3.76,1015,AO,1733001723
527,Philadelphia,39.9523,-75.1638,35.33,47,53,5.01,1019,US,1733001702
528,Sakakah,29.9697,40.2064,53.17,43,0,5.73,1022,SA,1733001727
529,Pisco,-13.7,-76.2167,71.65,78,0,21.85,1010,PE,1733001728
530,Punta del Este,-34.9667,-54.95,64.87,75,40,10.36,1016,UY,1733001730
531,Karema,-6.8205,30.4389,73.53,75,100,2.75,1013,TZ,1733001731
532,Vorkuta,67.5,64.0,13.24,95,100,12.86,1000,RU,1733001732
533,Duck Lake,52.8168,-106.2344,2.21,91,100,3.24,1032,CA,1733001733
534,Slave Lake,55.2834,-114.769,-0.42,78,100,10.36,1030,CA,1733001602
535,Prince Albert,53.2001,-105.7677,-7.65,71,75,2.3,1032,CA,1733001736
536,Markovo,57.3206,107.0881,-18.49,100,100,1.88,1038,RU,1733001737
537,Kilindoni,-7.9139,39.6668,78.78,82,100,15.05,1013,TZ,1733001738
538,Carutapera,-1.195,-46.02,81.0,74,23,7.52,1010,BR,1733001739
539,Aramoko-Ekiti,7.7093,5.0447,73.0,40,56,2.91,1015,NG,1733001740
540,El Granada,37.5027,-122.4694,60.1,59,0,4.61,1018,US,1733001742
541,Gorontalo,0.5412,123.0595,75.09,97,100,3.47,1008,ID,1733001743
542,Yuncheng,35.0231,110.9928,39.72,45,0,6.11,1018,CN,1733001744
543,Sweet Home,44.3976,-122.7362,42.94,92,68,2.95,1023,US,1733001745
544,Kralendijk,12.15,-68.2667,85.98,70,20,17.27,1009,BQ,1733001746
545,Susuman,62.7833,148.1667,7.99,96,100,1.3,1016,RU,1733001748
546,Balzar,-1.3667,-79.9,94.51,35,40,2.73,1005,EC,1733001749
547,Fort St. John,56.2499,-120.8529,-11.31,70,75,8.05,1036,CA,1733001750
548,North Bend,43.4065,-124.2243,46.31,71,0,4.61,1021,US,1733001751
549,Siqueira Campos,-23.6889,-49.8339,84.06,57,85,4.72,1008,BR,1733001753
550,Sierra Grande,-41.606,-65.3557,83.89,17,60,22.17,999,AR,1733001754
551,Neryungri,56.6709,124.6491,-7.83,96,100,12.39,1022,RU,1733001755
552,Mascote,-15.5631,-39.3025,77.61,78,46,7.16,1011,BR,1733001756
553,Clonmel,52.355,-7.7039,56.5,97,100,13.2,1009,IE,1733001757
554,Castillos,-34.1667,-53.8333,65.1,62,2,8.99,1016,UY,1733001759
555,Alotau,-10.3069,150.4462,80.51,92,38,2.44,1008,PG,1733001761
556,Saint-Joseph,-21.3667,55.6167,73.78,81,55,7.96,1015,RE,1733001762
557,Birobidzhan,48.8,132.95,3.56,92,7,4.88,1008,RU,1733001764
558,Reggane,26.7158,0.1714,66.74,17,15,8.77,1023,DZ,1733001765
559,Independence,39.0911,-94.4155,29.39,85,100,6.91,1024,US,1733001766
560,White Rock,49.0164,-122.8026,44.08,85,100,5.01,1025,CA,1733001486
561,Melekeok Village,7.4957,134.6367,81.16,89,75,0.0,1008,PW,1733001768
562,Tondano,1.3038,124.9112,68.09,98,100,2.35,1008,ID,1733001770
563,Kambarka,56.2694,54.2062,31.39,89,100,9.1,1024,RU,1733001771
564,Galliano,29.4422,-90.2992,57.2,58,0,8.05,1023,US,1733001772
565,Kuta,-8.7233,115.1723,76.95,100,75,2.3,1006,ID,1733001773
566,Sulţānah,24.4926,39.5857,70.25,28,0,4.61,1016,SA,1733001774
567,Monrovia,6.3005,-10.7969,80.38,80,10,7.34,1013,LR,1733001776
